{"cpu_avg": {"0-1": 0.0, "2-3": 0.0, "4-7": 0.0, "8-15": 0.0, "16-31": 0.8095238095238095, "32-63": 11.380952380952381, "64-127": 2.1904761904761907, "128-255": 1.0, "256-511": 0.3, "512-1023": 0.5, "1024-2047": 0.3, "2048-4095": 0.0, "4096-8191": 0.85, "8192-16383": 0.4, "16384-32767": 0.05, "32768-65535": 0.7894736842105263}, "cpu_sum": {"0-1": 0, "2-3": 0, "4-7": 0, "8-15": 0, "16-31": 17, "32-63": 239, "64-127": 46, "128-255": 20, "256-511": 6, "512-1023": 10, "1024-2047": 6, "2048-4095": 0, "4096-8191": 17, "8192-16383": 8, "16384-32767": 1, "32768-65535": 15}, "cpu": [], "pidpersec_avg": 5.380952380952381, "pidpersec_sum": 113, "runqlat_avg": {"0-1": 0.0, "2-3": 0.0, "4-7": 3.4210526315789473, "8-15": 8.052631578947368, "16-31": 1.0, "32-63": 0.8947368421052632, "64-127": 0.21052631578947367}, "runqlat_sum": {"0-1": 0, "2-3": 0, "4-7": 65, "8-15": 153, "16-31": 19, "32-63": 17, "64-127": 4}}