{"cpu_avg": {"0-1": 0.0, "2-3": 0.0, "4-7": 0.0, "8-15": 0.0, "16-31": 2.3047619047619046, "32-63": 12.904761904761905, "64-127": 3.0952380952380953, "128-255": 1.2254901960784315, "256-511": 0.5196078431372549, "512-1023": 0.5392156862745098, "1024-2047": 0.4411764705882353, "2048-4095": 0.37254901960784315, "4096-8191": 1.0784313725490196, "8192-16383": 0.49019607843137253, "16384-32767": 0.29411764705882354, "32768-65535": 0.594059405940594, "65536-131071": 0.020833333333333332}, "cpu_sum": {"0-1": 0, "2-3": 0, "4-7": 0, "8-15": 0, "16-31": 242, "32-63": 1355, "64-127": 325, "128-255": 125, "256-511": 53, "512-1023": 55, "1024-2047": 45, "2048-4095": 38, "4096-8191": 110, "8192-16383": 50, "16384-32767": 30, "32768-65535": 60, "65536-131071": 1}, "cpu": [], "pidpersec_avg": 1.180952380952381, "pidpersec_sum": 124}