{"cpu_avg": {"0-1": 0.0, "2-3": 0.0, "4-7": 0.0, "8-15": 0.0, "16-31": 1.5476190476190477, "32-63": 11.523809523809524, "64-127": 3.0, "128-255": 1.1282051282051282, "256-511": 0.5384615384615384, "512-1023": 0.5128205128205128, "1024-2047": 0.5641025641025641, "2048-4095": 0.38461538461538464, "4096-8191": 1.0769230769230769, "8192-16383": 0.46153846153846156, "16384-32767": 0.5384615384615384, "32768-65535": 0.3333333333333333}, "cpu_sum": {"0-1": 0, "2-3": 0, "4-7": 0, "8-15": 0, "16-31": 65, "32-63": 484, "64-127": 120, "128-255": 44, "256-511": 21, "512-1023": 20, "1024-2047": 22, "2048-4095": 15, "4096-8191": 42, "8192-16383": 18, "16384-32767": 21, "32768-65535": 13}, "cpu": [], "pidpersec_avg": 1.1951219512195121, "pidpersec_sum": 49}