{"cpu_avg": {"0-1": 0.0, "2-3": 0.0, "4-7": 0.0, "8-15": 0.0, "16-31": 1.7755102040816326, "32-63": 12.346938775510203, "64-127": 3.4893617021276597, "128-255": 0.9111111111111111, "256-511": 0.4666666666666667, "512-1023": 0.4666666666666667, "1024-2047": 0.4, "2048-4095": 0.4666666666666667, "4096-8191": 0.8444444444444444, "8192-16383": 0.4666666666666667, "16384-32767": 0.4, "32768-65535": 0.6}, "cpu_sum": {"0-1": 0, "2-3": 0, "4-7": 0, "8-15": 0, "16-31": 87, "32-63": 605, "64-127": 164, "128-255": 41, "256-511": 21, "512-1023": 21, "1024-2047": 18, "2048-4095": 21, "4096-8191": 38, "8192-16383": 21, "16384-32767": 18, "32768-65535": 27}, "cpu": [], "pidpersec_avg": 1.7142857142857142, "pidpersec_sum": 84}