{"cpu_avg": {"0-1": 0.0, "2-3": 0.0, "4-7": 0.0, "8-15": 0.0, "16-31": 2.4831460674157304, "32-63": 12.49438202247191, "64-127": 4.0, "128-255": 1.404494382022472, "256-511": 0.449438202247191, "512-1023": 0.898876404494382, "1024-2047": 0.449438202247191, "2048-4095": 0.3707865168539326, "4096-8191": 1.1797752808988764, "8192-16383": 0.8089887640449438, "16384-32767": 0.3146067415730337, "32768-65535": 0.8620689655172413, "65536-131071": 0.029411764705882353}, "cpu_sum": {"0-1": 0, "2-3": 0, "4-7": 0, "8-15": 0, "16-31": 221, "32-63": 1112, "64-127": 356, "128-255": 125, "256-511": 40, "512-1023": 80, "1024-2047": 40, "2048-4095": 33, "4096-8191": 105, "8192-16383": 72, "16384-32767": 28, "32768-65535": 75, "65536-131071": 1}, "cpu": [], "pidpersec_avg": 0.9550561797752809, "pidpersec_sum": 85}