{"cpu_avg": {"0-1": 0.0, "2-3": 0.0, "4-7": 0.0, "8-15": 0.0, "16-31": 0.21052631578947367, "32-63": 14.263157894736842, "64-127": 2.6842105263157894, "128-255": 1.3333333333333333, "256-511": 0.3333333333333333, "512-1023": 0.8333333333333334, "1024-2047": 0.2777777777777778, "2048-4095": 0.0, "4096-8191": 0.7777777777777778, "8192-16383": 0.3888888888888889, "16384-32767": 0.05555555555555555, "32768-65535": 0.8333333333333334}, "cpu_sum": {"0-1": 0, "2-3": 0, "4-7": 0, "8-15": 0, "16-31": 4, "32-63": 271, "64-127": 51, "128-255": 24, "256-511": 6, "512-1023": 15, "1024-2047": 5, "2048-4095": 0, "4096-8191": 14, "8192-16383": 7, "16384-32767": 1, "32768-65535": 15}, "cpu": [], "pidpersec_avg": 4.05, "pidpersec_sum": 81, "runqlat_avg": {"0-1": 0.0, "2-3": 0.0, "4-7": 5.947368421052632, "8-15": 5.052631578947368, "16-31": 0.8421052631578947, "32-63": 0.8421052631578947, "64-127": 0.21052631578947367}, "runqlat_sum": {"0-1": 0, "2-3": 0, "4-7": 113, "8-15": 96, "16-31": 16, "32-63": 16, "64-127": 4}}