{"cpu_avg": {"0-1": 0.0, "2-3": 0.0, "4-7": 0.0, "8-15": 0.0, "16-31": 3.8947368421052633, "32-63": 26.649122807017545, "64-127": 8.614035087719298, "128-255": 2.8508771929824563, "256-511": 1.5526315789473684, "512-1023": 1.4736842105263157, "1024-2047": 1.7543859649122806, "2048-4095": 1.368421052631579, "4096-8191": 1.2894736842105263, "8192-16383": 1.4473684210526316, "16384-32767": 0.8859649122807017, "32768-65535": 1.0373831775700935}, "cpu_sum": {"0-1": 0, "2-3": 0, "4-7": 0, "8-15": 0, "16-31": 444, "32-63": 3038, "64-127": 982, "128-255": 325, "256-511": 177, "512-1023": 168, "1024-2047": 200, "2048-4095": 156, "4096-8191": 147, "8192-16383": 165, "16384-32767": 101, "32768-65535": 111}, "cpu": [], "pidpersec_avg": 1.2173913043478262, "pidpersec_sum": 140}