{"cpu_avg": {"0-1": 0.0, "2-3": 0.0, "4-7": 0.6923076923076923, "8-15": 0.0, "16-31": 1.9743589743589745, "32-63": 25.897435897435898, "64-127": 6.631578947368421, "128-255": 2.289473684210526, "256-511": 0.8947368421052632, "512-1023": 1.0, "1024-2047": 0.8947368421052632, "2048-4095": 0.3157894736842105, "4096-8191": 0.9473684210526315, "8192-16383": 0.8421052631578947, "16384-32767": 0.0, "32768-65535": 0.9473684210526315, "65536-131071": 0.18181818181818182}, "cpu_sum": {"0-1": 0, "2-3": 0, "4-7": 27, "8-15": 0, "16-31": 77, "32-63": 1010, "64-127": 252, "128-255": 87, "256-511": 34, "512-1023": 38, "1024-2047": 34, "2048-4095": 12, "4096-8191": 36, "8192-16383": 32, "16384-32767": 0, "32768-65535": 36, "65536-131071": 2}, "cpu": [], "pidpersec_avg": 3.58974358974359, "pidpersec_sum": 140, "runqlat_avg": {"0-1": 0.0, "2-3": 0.027777777777777776, "4-7": 1.9444444444444444, "8-15": 9.527777777777779, "16-31": 0.9722222222222222, "32-63": 0.5, "64-127": 0.05555555555555555, "128-255": 0.027777777777777776}, "runqlat_sum": {"0-1": 0, "2-3": 1, "4-7": 70, "8-15": 343, "16-31": 35, "32-63": 18, "64-127": 2, "128-255": 1}}