{"cpu_avg": {"0-1": 0.0, "2-3": 0.0, "4-7": 0.6808510638297872, "8-15": 0.8297872340425532, "16-31": 1.0, "32-63": 26.085106382978722, "64-127": 7.0, "128-255": 2.3777777777777778, "256-511": 1.3555555555555556, "512-1023": 1.1111111111111112, "1024-2047": 0.7111111111111111, "2048-4095": 0.0, "4096-8191": 1.2444444444444445, "8192-16383": 1.4666666666666666, "16384-32767": 0.6888888888888889, "32768-65535": 1.2444444444444445}, "cpu_sum": {"0-1": 0, "2-3": 0, "4-7": 32, "8-15": 39, "16-31": 47, "32-63": 1226, "64-127": 329, "128-255": 107, "256-511": 61, "512-1023": 50, "1024-2047": 32, "2048-4095": 0, "4096-8191": 56, "8192-16383": 66, "16384-32767": 31, "32768-65535": 56}, "cpu": [], "pidpersec_avg": 3.466666666666667, "pidpersec_sum": 104, "runqlat_avg": {"0": 0.0, "1": 0.022222222222222223, "2": 2.7333333333333334, "3": 8.488888888888889, "4": 1.3555555555555556, "5": 0.4888888888888889, "6": 0.044444444444444446}, "runqlat_sum": {"0": 0, "1": 1, "2": 123, "3": 382, "4": 61, "5": 22, "6": 2}}82, "4": 61, "5": 22, "6": 2}}