{"cpu_avg": {"0-1": 0.0, "2-3": 0.0, "4-7": 0.0, "8-15": 0.0, "16-31": 0.9354838709677419, "32-63": 11.838709677419354, "64-127": 3.6774193548387095, "128-255": 1.2666666666666666, "256-511": 0.7, "512-1023": 0.5333333333333333, "1024-2047": 0.5, "2048-4095": 0.3333333333333333, "4096-8191": 0.5333333333333333, "8192-16383": 0.5, "16384-32767": 0.3333333333333333, "32768-65535": 0.43333333333333335, "65536-131071": 0.07692307692307693}, "cpu_sum": {"0-1": 0, "2-3": 0, "4-7": 0, "8-15": 0, "16-31": 29, "32-63": 367, "64-127": 114, "128-255": 38, "256-511": 21, "512-1023": 16, "1024-2047": 15, "2048-4095": 10, "4096-8191": 16, "8192-16383": 15, "16384-32767": 10, "32768-65535": 13, "65536-131071": 1}, "cpu": [], "pidpersec_avg": 0.6451612903225806, "pidpersec_sum": 20}