{"cpu_avg": {"0-1": 0.0, "2-3": 0.0, "4-7": 0.9615384615384616, "8-15": 0.0, "16-31": 1.3461538461538463, "32-63": 25.26923076923077, "64-127": 9.23076923076923, "128-255": 2.8, "256-511": 0.9583333333333334, "512-1023": 0.9583333333333334, "1024-2047": 0.9166666666666666, "2048-4095": 0.4166666666666667, "4096-8191": 1.8333333333333333, "8192-16383": 0.3333333333333333, "16384-32767": 0.0, "32768-65535": 1.8333333333333333}, "cpu_sum": {"0-1": 0, "2-3": 0, "4-7": 25, "8-15": 0, "16-31": 35, "32-63": 657, "64-127": 240, "128-255": 70, "256-511": 23, "512-1023": 23, "1024-2047": 22, "2048-4095": 10, "4096-8191": 44, "8192-16383": 8, "16384-32767": 0, "32768-65535": 44}, "cpu": [], "pidpersec_avg": 0.6538461538461539, "pidpersec_sum": 17, "runqlat_avg": {"0-1": 0.0, "2-3": 0.0, "4-7": 2.739130434782609, "8-15": 9.304347826086957, "16-31": 0.6956521739130435, "32-63": 0.34782608695652173, "64-127": 0.0, "128-255": 0.043478260869565216}, "runqlat_sum": {"0-1": 0, "2-3": 0, "4-7": 63, "8-15": 214, "16-31": 16, "32-63": 8, "64-127": 0, "128-255": 1}}