{"cpu_avg": {"0-1": 0.0, "2-3": 0.0, "4-7": 0.0, "8-15": 0.75, "16-31": 0.0, "32-63": 10.958333333333334, "64-127": 4.583333333333333, "128-255": 1.6666666666666667, "256-511": 0.5, "512-1023": 0.5217391304347826, "1024-2047": 0.30434782608695654, "2048-4095": 0.0, "4096-8191": 0.8260869565217391, "8192-16383": 0.34782608695652173, "16384-32767": 0.0, "32768-65535": 0.8260869565217391}, "cpu_sum": {"0-1": 0, "2-3": 0, "4-7": 0, "8-15": 18, "16-31": 0, "32-63": 263, "64-127": 110, "128-255": 40, "256-511": 12, "512-1023": 12, "1024-2047": 7, "2048-4095": 0, "4096-8191": 19, "8192-16383": 8, "16384-32767": 0, "32768-65535": 19}, "cpu": [], "pidpersec_avg": 3.6, "pidpersec_sum": 90, "runqlat_avg": {"0": 0.0, "1": 0.0, "2": 2.409090909090909, "3": 10.0, "4": 0.7727272727272727, "5": 0.4090909090909091, "6": 0.045454545454545456}, "runqlat_sum": {"0": 0, "1": 0, "2": 53, "3": 220, "4": 17, "5": 9, "6": 1}}, "4": 23, "5": 10, "6": 1}}