{"cpu_avg": {"0-1": 0.0, "2-3": 0.0, "4-7": 0.0, "8-15": 0.0, "16-31": 1.71875, "32-63": 22.0, "64-127": 7.96875, "128-255": 2.90625, "256-511": 2.25, "512-1023": 1.1875, "1024-2047": 1.0625, "2048-4095": 0.625, "4096-8191": 1.03125, "8192-16383": 1.03125, "16384-32767": 1.0625, "32768-65535": 1.15625, "65536-131071": 0.2}, "cpu_sum": {"0-1": 0, "2-3": 0, "4-7": 0, "8-15": 0, "16-31": 55, "32-63": 704, "64-127": 255, "128-255": 93, "256-511": 72, "512-1023": 38, "1024-2047": 34, "2048-4095": 20, "4096-8191": 33, "8192-16383": 33, "16384-32767": 34, "32768-65535": 37, "65536-131071": 3}, "cpu": [], "pidpersec_avg": 0.9375, "pidpersec_sum": 30}, "16384-32767": 33, "32768-65535": 36, "65536-131071": 3}, "cpu": [], "pidpersec_avg": 0.9375, "pidpersec_sum": 30}