{"cpu_avg": {"0-1": 0.0, "2-3": 0.0, "4-7": 0.0, "8-15": 0.0, "16-31": 2.0816326530612246, "32-63": 25.387755102040817, "64-127": 13.040816326530612, "128-255": 3.2551020408163267, "256-511": 1.4387755102040816, "512-1023": 1.6224489795918366, "1024-2047": 0.7346938775510204, "2048-4095": 1.6326530612244898, "4096-8191": 1.469387755102041, "8192-16383": 1.4795918367346939, "16384-32767": 0.8367346938775511, "32768-65535": 1.096774193548387}, "cpu_sum": {"0-1": 0, "2-3": 0, "4-7": 0, "8-15": 0, "16-31": 204, "32-63": 2488, "64-127": 1278, "128-255": 319, "256-511": 141, "512-1023": 159, "1024-2047": 72, "2048-4095": 160, "4096-8191": 144, "8192-16383": 145, "16384-32767": 82, "32768-65535": 102}, "cpu": [], "pidpersec_avg": 0.3838383838383838, "pidpersec_sum": 38}