{"cpu_avg": {"0-1": 0.0, "2-3": 0.0, "4-7": 0.0, "8-15": 0.0, "16-31": 4.886363636363637, "32-63": 24.5, "64-127": 6.704545454545454, "128-255": 3.4545454545454546, "256-511": 1.8863636363636365, "512-1023": 1.25, "1024-2047": 1.0681818181818181, "2048-4095": 0.45454545454545453, "4096-8191": 2.0681818181818183, "8192-16383": 0.7727272727272727, "16384-32767": 0.8636363636363636, "32768-65535": 1.25, "65536-131071": 0.14814814814814814}, "cpu_sum": {"0-1": 0, "2-3": 0, "4-7": 0, "8-15": 0, "16-31": 215, "32-63": 1078, "64-127": 295, "128-255": 152, "256-511": 83, "512-1023": 55, "1024-2047": 47, "2048-4095": 20, "4096-8191": 91, "8192-16383": 34, "16384-32767": 38, "32768-65535": 55, "65536-131071": 4}, "cpu": [], "pidpersec_avg": 1.9555555555555555, "pidpersec_sum": 88}ersec_sum": 88}