{"cpu_avg": {"0-1": 0.0, "2-3": 0.0, "4-7": 0.0, "8-15": 0.0, "16-31": 2.6285714285714286, "32-63": 25.038095238095238, "64-127": 10.60952380952381, "128-255": 2.4761904761904763, "256-511": 1.3333333333333333, "512-1023": 1.5714285714285714, "1024-2047": 0.6952380952380952, "2048-4095": 1.542857142857143, "4096-8191": 1.4285714285714286, "8192-16383": 1.4, "16384-32767": 0.8, "32768-65535": 1.0816326530612246}, "cpu_sum": {"0-1": 0, "2-3": 0, "4-7": 0, "8-15": 0, "16-31": 276, "32-63": 2629, "64-127": 1114, "128-255": 260, "256-511": 140, "512-1023": 165, "1024-2047": 73, "2048-4095": 162, "4096-8191": 150, "8192-16383": 147, "16384-32767": 84, "32768-65535": 106}, "cpu": [], "pidpersec_avg": 0.8571428571428571, "pidpersec_sum": 90}0}