{"cpu_avg": {"0-1": 0.0, "2-3": 0.0, "4-7": 1.96875, "8-15": 1.1875, "16-31": 0.0, "32-63": 24.34375, "64-127": 9.774193548387096, "128-255": 2.7096774193548385, "256-511": 0.6774193548387096, "512-1023": 1.2333333333333334, "1024-2047": 0.43333333333333335, "2048-4095": 0.0, "4096-8191": 1.4, "8192-16383": 0.9333333333333333, "16384-32767": 0.0, "32768-65535": 1.4333333333333333}, "cpu_sum": {"0-1": 0, "2-3": 0, "4-7": 63, "8-15": 38, "16-31": 0, "32-63": 779, "64-127": 303, "128-255": 84, "256-511": 21, "512-1023": 37, "1024-2047": 13, "2048-4095": 0, "4096-8191": 42, "8192-16383": 28, "16384-32767": 0, "32768-65535": 43}, "cpu": [], "pidpersec_avg": 4.6875, "pidpersec_sum": 150, "runqlat_avg": {"0": 0.0, "1": 0.0, "2": 2.1379310344827585, "3": 9.689655172413794, "4": 1.0, "5": 0.4827586206896552, "6": 0.034482758620689655}, "runqlat_sum": {"0": 0, "1": 0, "2": 62, "3": 281, "4": 29, "5": 14, "6": 1}}