{"cpu_avg": {"0-1": 0.0, "2-3": 0.0, "4-7": 0.8064516129032258, "8-15": 0.0, "16-31": 1.903225806451613, "32-63": 23.29032258064516, "64-127": 8.870967741935484, "128-255": 2.7096774193548385, "256-511": 0.7419354838709677, "512-1023": 0.7741935483870968, "1024-2047": 0.9354838709677419, "2048-4095": 0.3448275862068966, "4096-8191": 1.3103448275862069, "8192-16383": 0.8620689655172413, "16384-32767": 0.0, "32768-65535": 1.3103448275862069, "65536-131071": 0.4}, "cpu_sum": {"0-1": 0, "2-3": 0, "4-7": 25, "8-15": 0, "16-31": 59, "32-63": 722, "64-127": 275, "128-255": 84, "256-511": 23, "512-1023": 24, "1024-2047": 29, "2048-4095": 10, "4096-8191": 38, "8192-16383": 25, "16384-32767": 0, "32768-65535": 38, "65536-131071": 2}, "cpu": [], "pidpersec_avg": 2.3125, "pidpersec_sum": 74, "runqlat_avg": {"0-1": 0.0, "2-3": 0.0, "4-7": 0.9333333333333333, "8-15": 10.8, "16-31": 0.7666666666666667, "32-63": 0.4, "64-127": 0.03333333333333333, "128-255": 0.03333333333333333}, "runqlat_sum": {"0-1": 0, "2-3": 0, "4-7": 28, "8-15": 324, "16-31": 23, "32-63": 12, "64-127": 1, "128-255": 1}}