{"cpu_avg": {"0-1": 0.0, "2-3": 0.0, "4-7": 0.0, "8-15": 0.0, "16-31": 2.7301587301587302, "32-63": 11.587301587301587, "64-127": 2.9523809523809526, "128-255": 1.3015873015873016, "256-511": 0.4126984126984127, "512-1023": 0.8888888888888888, "1024-2047": 0.42857142857142855, "2048-4095": 0.3968253968253968, "4096-8191": 0.8888888888888888, "8192-16383": 0.3968253968253968, "16384-32767": 0.3968253968253968, "32768-65535": 0.6190476190476191}, "cpu_sum": {"0-1": 0, "2-3": 0, "4-7": 0, "8-15": 0, "16-31": 172, "32-63": 730, "64-127": 186, "128-255": 82, "256-511": 26, "512-1023": 56, "1024-2047": 27, "2048-4095": 25, "4096-8191": 56, "8192-16383": 25, "16384-32767": 25, "32768-65535": 39}, "cpu": [], "pidpersec_avg": 1.9682539682539681, "pidpersec_sum": 124}