{"cpu_avg": {"0-1": 0.0, "2-3": 0.0, "4-7": 0.0, "8-15": 0.0, "16-31": 2.4649122807017543, "32-63": 12.868421052631579, "64-127": 3.6666666666666665, "128-255": 1.1727272727272726, "256-511": 0.5181818181818182, "512-1023": 0.5181818181818182, "1024-2047": 0.41818181818181815, "2048-4095": 0.33636363636363636, "4096-8191": 0.990909090909091, "8192-16383": 0.509090909090909, "16384-32767": 0.2727272727272727, "32768-65535": 0.5779816513761468, "65536-131071": 0.0}, "cpu_sum": {"0-1": 0, "2-3": 0, "4-7": 0, "8-15": 0, "16-31": 281, "32-63": 1467, "64-127": 418, "128-255": 129, "256-511": 57, "512-1023": 57, "1024-2047": 46, "2048-4095": 37, "4096-8191": 109, "8192-16383": 56, "16384-32767": 30, "32768-65535": 63, "65536-131071": 0}, "cpu": [], "pidpersec_avg": 1.412280701754386, "pidpersec_sum": 161}