{"runqlat_avg": {"0": 0.0, "1": 0.09523809523809523, "2": 6.571428571428571, "3": 5.380952380952381, "4": 0.8571428571428571, "5": 0.2857142857142857}, "runqlat_sum": {"0": 0, "1": 2, "2": 138, "3": 113, "4": 18, "5": 6}}